"filename", "language", "C#", "UnityUSS", "JSON", "UnityUXML", "XML", "UnityShader", "JSON Lines", "Python", "Markdown", "comment", "blank", "total"
"/Users/sahishdurgam/Documents/UnityProjects/FBLAproject/Assets/Plugins/Demigiant/DOTween/DOTween.XML", "XML", 0, 0, 0, 0, 3089, 0, 0, 0, 0, 0, 1, 3090
"/Users/sahishdurgam/Documents/UnityProjects/FBLAproject/Assets/Plugins/Demigiant/DOTween/Editor/DOTweenEditor.XML", "XML", 0, 0, 0, 0, 144, 0, 0, 0, 0, 0, 1, 145
"/Users/sahishdurgam/Documents/UnityProjects/FBLAproject/Assets/Plugins/Demigiant/DOTween/Modules/DOTween.Modules.asmdef", "JSON", 0, 0, 3, 0, 0, 0, 0, 0, 0, 0, 1, 4
"/Users/sahishdurgam/Documents/UnityProjects/FBLAproject/Assets/Plugins/Demigiant/DOTween/Modules/DOTweenModuleAudio.cs", "C#", 94, 0, 0, 0, 0, 0, 0, 0, 0, 80, 25, 199
"/Users/sahishdurgam/Documents/UnityProjects/FBLAproject/Assets/Plugins/Demigiant/DOTween/Modules/DOTweenModuleEPOOutline.cs", "C#", 109, 0, 0, 0, 0, 0, 0, 0, 0, 18, 20, 147
"/Users/sahishdurgam/Documents/UnityProjects/FBLAproject/Assets/Plugins/Demigiant/DOTween/Modules/DOTweenModulePhysics.cs", "C#", 137, 0, 0, 0, 0, 0, 0, 0, 0, 60, 20, 217
"/Users/sahishdurgam/Documents/UnityProjects/FBLAproject/Assets/Plugins/Demigiant/DOTween/Modules/DOTweenModulePhysics2D.cs", "C#", 125, 0, 0, 0, 0, 0, 0, 0, 0, 51, 18, 194
"/Users/sahishdurgam/Documents/UnityProjects/FBLAproject/Assets/Plugins/Demigiant/DOTween/Modules/DOTweenModuleSprite.cs", "C#", 63, 0, 0, 0, 0, 0, 0, 0, 0, 17, 14, 94
"/Users/sahishdurgam/Documents/UnityProjects/FBLAproject/Assets/Plugins/Demigiant/DOTween/Modules/DOTweenModuleUI.cs", "C#", 390, 0, 0, 0, 0, 0, 0, 0, 0, 203, 70, 663
"/Users/sahishdurgam/Documents/UnityProjects/FBLAproject/Assets/Plugins/Demigiant/DOTween/Modules/DOTweenModuleUnityVersion.cs", "C#", 254, 0, 0, 0, 0, 0, 0, 0, 0, 99, 37, 390
"/Users/sahishdurgam/Documents/UnityProjects/FBLAproject/Assets/Plugins/Demigiant/DOTween/Modules/DOTweenModuleUtils.cs", "C#", 123, 0, 0, 0, 0, 0, 0, 0, 0, 27, 18, 168
"/Users/sahishdurgam/Documents/UnityProjects/FBLAproject/Assets/Plugins/SerializedCollections/Editor/AYellowpaper.SerializedCollections.Editor.asmdef", "JSON", 0, 0, 17, 0, 0, 0, 0, 0, 0, 0, 0, 17
"/Users/sahishdurgam/Documents/UnityProjects/FBLAproject/Assets/Plugins/SerializedCollections/Editor/Assets/KeysGeneratorSelectorWindow.uss", "UnityUSS", 0, 94, 0, 0, 0, 0, 0, 0, 0, 0, 17, 111
"/Users/sahishdurgam/Documents/UnityProjects/FBLAproject/Assets/Plugins/SerializedCollections/Editor/Assets/KeysGeneratorSelectorWindow.uxml", "UnityUXML", 0, 0, 0, 26, 0, 0, 0, 0, 0, 0, 1, 27
"/Users/sahishdurgam/Documents/UnityProjects/FBLAproject/Assets/Plugins/SerializedCollections/Editor/Scripts/Data/ElementData.cs", "C#", 20, 0, 0, 0, 0, 0, 0, 0, 0, 0, 3, 23
"/Users/sahishdurgam/Documents/UnityProjects/FBLAproject/Assets/Plugins/SerializedCollections/Editor/Scripts/Data/ElementSettings.cs", "C#", 13, 0, 0, 0, 0, 0, 0, 0, 0, 0, 2, 15
"/Users/sahishdurgam/Documents/UnityProjects/FBLAproject/Assets/Plugins/SerializedCollections/Editor/Scripts/Data/PropertyData.cs", "C#", 38, 0, 0, 0, 0, 0, 0, 0, 0, 0, 6, 44
"/Users/sahishdurgam/Documents/UnityProjects/FBLAproject/Assets/Plugins/SerializedCollections/Editor/Scripts/DisplayType.cs", "C#", 12, 0, 0, 0, 0, 0, 0, 0, 0, 0, 1, 13
"/Users/sahishdurgam/Documents/UnityProjects/FBLAproject/Assets/Plugins/SerializedCollections/Editor/Scripts/KeyListGenerators/Implementors/EnumGenerator.cs", "C#", 14, 0, 0, 0, 0, 0, 0, 0, 0, 0, 1, 15
"/Users/sahishdurgam/Documents/UnityProjects/FBLAproject/Assets/Plugins/SerializedCollections/Editor/Scripts/KeyListGenerators/Implementors/IntRangeGenerator.cs", "C#", 22, 0, 0, 0, 0, 0, 0, 0, 0, 0, 2, 24
"/Users/sahishdurgam/Documents/UnityProjects/FBLAproject/Assets/Plugins/SerializedCollections/Editor/Scripts/KeyListGenerators/Implementors/IntSteppingGenerator.cs", "C#", 24, 0, 0, 0, 0, 0, 0, 0, 0, 0, 2, 26
"/Users/sahishdurgam/Documents/UnityProjects/FBLAproject/Assets/Plugins/SerializedCollections/Editor/Scripts/KeyListGenerators/KeyListGenerator.cs", "C#", 10, 0, 0, 0, 0, 0, 0, 0, 0, 0, 1, 11
"/Users/sahishdurgam/Documents/UnityProjects/FBLAproject/Assets/Plugins/SerializedCollections/Editor/Scripts/KeyListGenerators/KeyListGeneratorAttribute.cs", "C#", 17, 0, 0, 0, 0, 0, 0, 0, 0, 0, 2, 19
"/Users/sahishdurgam/Documents/UnityProjects/FBLAproject/Assets/Plugins/SerializedCollections/Editor/Scripts/KeyListGenerators/KeyListGeneratorCache.cs", "C#", 33, 0, 0, 0, 0, 0, 0, 0, 0, 0, 3, 36
"/Users/sahishdurgam/Documents/UnityProjects/FBLAproject/Assets/Plugins/SerializedCollections/Editor/Scripts/KeyListGenerators/KeyListGeneratorData.cs", "C#", 18, 0, 0, 0, 0, 0, 0, 0, 0, 0, 2, 20
"/Users/sahishdurgam/Documents/UnityProjects/FBLAproject/Assets/Plugins/SerializedCollections/Editor/Scripts/KeyListGenerators/KeyListGeneratorEditor.cs", "C#", 24, 0, 0, 0, 0, 0, 0, 0, 0, 1, 1, 26
"/Users/sahishdurgam/Documents/UnityProjects/FBLAproject/Assets/Plugins/SerializedCollections/Editor/Scripts/KeyListGenerators/KeyListGeneratorSelectorWindow.cs", "C#", 154, 0, 0, 0, 0, 0, 0, 0, 0, 0, 28, 182
"/Users/sahishdurgam/Documents/UnityProjects/FBLAproject/Assets/Plugins/SerializedCollections/Editor/Scripts/KeyListGenerators/ModificationType.cs", "C#", 10, 0, 0, 0, 0, 0, 0, 0, 0, 0, 0, 10
"/Users/sahishdurgam/Documents/UnityProjects/FBLAproject/Assets/Plugins/SerializedCollections/Editor/Scripts/PagingElement.cs", "C#", 61, 0, 0, 0, 0, 0, 0, 0, 0, 0, 7, 68
"/Users/sahishdurgam/Documents/UnityProjects/FBLAproject/Assets/Plugins/SerializedCollections/Editor/Scripts/Search/Matchers/EnumMatcher.cs", "C#", 20, 0, 0, 0, 0, 0, 0, 0, 0, 0, 1, 21
"/Users/sahishdurgam/Documents/UnityProjects/FBLAproject/Assets/Plugins/SerializedCollections/Editor/Scripts/Search/Matchers/Matcher.cs", "C#", 17, 0, 0, 0, 0, 0, 0, 0, 0, 0, 3, 20
"/Users/sahishdurgam/Documents/UnityProjects/FBLAproject/Assets/Plugins/SerializedCollections/Editor/Scripts/Search/Matchers/Matchers.cs", "C#", 25, 0, 0, 0, 0, 0, 0, 0, 0, 0, 5, 30
"/Users/sahishdurgam/Documents/UnityProjects/FBLAproject/Assets/Plugins/SerializedCollections/Editor/Scripts/Search/Matchers/NumericMatcher.cs", "C#", 100, 0, 0, 0, 0, 0, 0, 0, 0, 0, 9, 109
"/Users/sahishdurgam/Documents/UnityProjects/FBLAproject/Assets/Plugins/SerializedCollections/Editor/Scripts/Search/Matchers/StringMatcher.cs", "C#", 14, 0, 0, 0, 0, 0, 0, 0, 0, 0, 1, 15
"/Users/sahishdurgam/Documents/UnityProjects/FBLAproject/Assets/Plugins/SerializedCollections/Editor/Scripts/Search/PropertySearchResult.cs", "C#", 19, 0, 0, 0, 0, 0, 0, 0, 0, 0, 3, 22
"/Users/sahishdurgam/Documents/UnityProjects/FBLAproject/Assets/Plugins/SerializedCollections/Editor/Scripts/Search/SearchQuery.cs", "C#", 58, 0, 0, 0, 0, 0, 0, 0, 0, 0, 8, 66
"/Users/sahishdurgam/Documents/UnityProjects/FBLAproject/Assets/Plugins/SerializedCollections/Editor/Scripts/Search/SearchResultEntry.cs", "C#", 28, 0, 0, 0, 0, 0, 0, 0, 0, 0, 3, 31
"/Users/sahishdurgam/Documents/UnityProjects/FBLAproject/Assets/Plugins/SerializedCollections/Editor/Scripts/SerializedDictionaryDrawer.cs", "C#", 60, 0, 0, 0, 0, 0, 0, 0, 0, 0, 5, 65
"/Users/sahishdurgam/Documents/UnityProjects/FBLAproject/Assets/Plugins/SerializedCollections/Editor/Scripts/SerializedDictionaryInstanceDrawer.cs", "C#", 621, 0, 0, 0, 0, 0, 0, 0, 0, 2, 105, 728
"/Users/sahishdurgam/Documents/UnityProjects/FBLAproject/Assets/Plugins/SerializedCollections/Editor/Scripts/Settings/EditorUserSettings.cs", "C#", 52, 0, 0, 0, 0, 0, 0, 0, 0, 0, 8, 60
"/Users/sahishdurgam/Documents/UnityProjects/FBLAproject/Assets/Plugins/SerializedCollections/Editor/Scripts/Settings/EditorUserSettingsProvider.cs", "C#", 68, 0, 0, 0, 0, 0, 0, 0, 0, 0, 14, 82
"/Users/sahishdurgam/Documents/UnityProjects/FBLAproject/Assets/Plugins/SerializedCollections/Editor/Scripts/States/DefaultListState.cs", "C#", 45, 0, 0, 0, 0, 0, 0, 0, 0, 0, 10, 55
"/Users/sahishdurgam/Documents/UnityProjects/FBLAproject/Assets/Plugins/SerializedCollections/Editor/Scripts/States/ListState.cs", "C#", 29, 0, 0, 0, 0, 0, 0, 0, 0, 0, 5, 34
"/Users/sahishdurgam/Documents/UnityProjects/FBLAproject/Assets/Plugins/SerializedCollections/Editor/Scripts/States/SearchListState.cs", "C#", 91, 0, 0, 0, 0, 0, 0, 0, 0, 0, 18, 109
"/Users/sahishdurgam/Documents/UnityProjects/FBLAproject/Assets/Plugins/SerializedCollections/Editor/Scripts/Utility/GUIEnabledScope.cs", "C#", 20, 0, 0, 0, 0, 0, 0, 0, 0, 0, 3, 23
"/Users/sahishdurgam/Documents/UnityProjects/FBLAproject/Assets/Plugins/SerializedCollections/Editor/Scripts/Utility/LabelWidth.cs", "C#", 21, 0, 0, 0, 0, 0, 0, 0, 0, 0, 3, 24
"/Users/sahishdurgam/Documents/UnityProjects/FBLAproject/Assets/Plugins/SerializedCollections/Editor/Scripts/Utility/RectUtility.cs", "C#", 35, 0, 0, 0, 0, 0, 0, 0, 0, 0, 6, 41
"/Users/sahishdurgam/Documents/UnityProjects/FBLAproject/Assets/Plugins/SerializedCollections/Editor/Scripts/Utility/SCEditorUtility.cs", "C#", 220, 0, 0, 0, 0, 0, 0, 0, 0, 0, 25, 245
"/Users/sahishdurgam/Documents/UnityProjects/FBLAproject/Assets/Plugins/SerializedCollections/Editor/Scripts/Utility/SCEnumUtility.cs", "C#", 85, 0, 0, 0, 0, 0, 0, 0, 0, 0, 13, 98
"/Users/sahishdurgam/Documents/UnityProjects/FBLAproject/Assets/Plugins/SerializedCollections/Runtime/AYellowpaper.SerializedCollections.asmdef", "JSON", 0, 0, 13, 0, 0, 0, 0, 0, 0, 0, 0, 13
"/Users/sahishdurgam/Documents/UnityProjects/FBLAproject/Assets/Plugins/SerializedCollections/Runtime/LookupTables/DictionaryLookupTable.cs", "C#", 73, 0, 0, 0, 0, 0, 0, 0, 0, 0, 15, 88
"/Users/sahishdurgam/Documents/UnityProjects/FBLAproject/Assets/Plugins/SerializedCollections/Runtime/LookupTables/IKeyable.cs", "C#", 18, 0, 0, 0, 0, 0, 0, 0, 0, 0, 3, 21
"/Users/sahishdurgam/Documents/UnityProjects/FBLAproject/Assets/Plugins/SerializedCollections/Runtime/Scripts/AssemblyInfo.cs", "C#", 2, 0, 0, 0, 0, 0, 0, 0, 0, 0, 1, 3
"/Users/sahishdurgam/Documents/UnityProjects/FBLAproject/Assets/Plugins/SerializedCollections/Runtime/Scripts/SerializedCollectionsUtility.cs", "C#", 24, 0, 0, 0, 0, 0, 0, 0, 0, 1, 2, 27
"/Users/sahishdurgam/Documents/UnityProjects/FBLAproject/Assets/Plugins/SerializedCollections/Runtime/Scripts/SerializedDictionary.cs", "C#", 148, 0, 0, 0, 0, 0, 0, 0, 0, 4, 25, 177
"/Users/sahishdurgam/Documents/UnityProjects/FBLAproject/Assets/Plugins/SerializedCollections/Runtime/Scripts/SerializedDictionaryAttribute.cs", "C#", 19, 0, 0, 0, 0, 0, 0, 0, 0, 0, 2, 21
"/Users/sahishdurgam/Documents/UnityProjects/FBLAproject/Assets/Plugins/SerializedCollections/Runtime/Scripts/SerializedKeyValuePair.cs", "C#", 17, 0, 0, 0, 0, 0, 0, 0, 0, 0, 3, 20
"/Users/sahishdurgam/Documents/UnityProjects/FBLAproject/Assets/Plugins/SerializedCollections/Sample/SerializedDictionarySample.cs", "C#", 18, 0, 0, 0, 0, 0, 0, 0, 0, 0, 2, 20
"/Users/sahishdurgam/Documents/UnityProjects/FBLAproject/Assets/Plugins/SerializedCollections/Sample/SerializedDictionarySampleThree.cs", "C#", 11, 0, 0, 0, 0, 0, 0, 0, 0, 0, 1, 12
"/Users/sahishdurgam/Documents/UnityProjects/FBLAproject/Assets/Plugins/SerializedCollections/Sample/SerializedDictionarySampleTwo.cs", "C#", 17, 0, 0, 0, 0, 0, 0, 0, 0, 0, 2, 19
"/Users/sahishdurgam/Documents/UnityProjects/FBLAproject/Assets/Plugins/Stylized Water Shader/Scripts/BuoyantObject.cs", "C#", 77, 0, 0, 0, 0, 0, 0, 0, 0, 5, 27, 109
"/Users/sahishdurgam/Documents/UnityProjects/FBLAproject/Assets/Plugins/Stylized Water Shader/Scripts/GerstnerWaveDisplacement.cs", "C#", 22, 0, 0, 0, 0, 0, 0, 0, 0, 0, 5, 27
"/Users/sahishdurgam/Documents/UnityProjects/FBLAproject/Assets/Plugins/Stylized Water Shader/Shaders/DistortUV.hlsl", "UnityShader", 0, 0, 0, 0, 0, 8, 0, 0, 0, 0, 2, 10
"/Users/sahishdurgam/Documents/UnityProjects/FBLAproject/Assets/Plugins/Stylized Water Shader/Shaders/GerstnerWaves.hlsl", "UnityShader", 0, 0, 0, 0, 0, 34, 0, 0, 0, 1, 6, 41
"/Users/sahishdurgam/Documents/UnityProjects/FBLAproject/Assets/Plugins/Stylized Water Shader/Shaders/HSVLerp.hlsl", "UnityShader", 0, 0, 0, 0, 0, 42, 0, 0, 0, 0, 11, 53
"/Users/sahishdurgam/Documents/UnityProjects/FBLAproject/Assets/Plugins/Stylized Water Shader/Shaders/Lighting.hlsl", "UnityShader", 0, 0, 0, 0, 0, 36, 0, 0, 0, 1, 10, 47
"/Users/sahishdurgam/Documents/UnityProjects/FBLAproject/Assets/Plugins/TextMesh Pro/Shaders/SDFFunctions.hlsl", "UnityShader", 0, 0, 0, 0, 0, 130, 0, 0, 0, 18, 31, 179
"/Users/sahishdurgam/Documents/UnityProjects/FBLAproject/Assets/Plugins/TextMesh Pro/Shaders/TMP_Bitmap-Custom-Atlas.shader", "UnityShader", 0, 0, 0, 0, 0, 113, 0, 0, 0, 2, 31, 146
"/Users/sahishdurgam/Documents/UnityProjects/FBLAproject/Assets/Plugins/TextMesh Pro/Shaders/TMP_Bitmap-Mobile.shader", "UnityShader", 0, 0, 0, 0, 0, 123, 0, 0, 0, 3, 30, 156
"/Users/sahishdurgam/Documents/UnityProjects/FBLAproject/Assets/Plugins/TextMesh Pro/Shaders/TMP_Bitmap.shader", "UnityShader", 0, 0, 0, 0, 0, 113, 0, 0, 0, 2, 31, 146
"/Users/sahishdurgam/Documents/UnityProjects/FBLAproject/Assets/Plugins/TextMesh Pro/Shaders/TMP_SDF Overlay.shader", "UnityShader", 0, 0, 0, 0, 0, 253, 0, 0, 0, 4, 70, 327
"/Users/sahishdurgam/Documents/UnityProjects/FBLAproject/Assets/Plugins/TextMesh Pro/Shaders/TMP_SDF SSD.shader", "UnityShader", 0, 0, 0, 0, 0, 253, 0, 0, 0, 4, 65, 322
"/Users/sahishdurgam/Documents/UnityProjects/FBLAproject/Assets/Plugins/TextMesh Pro/Shaders/TMP_SDF-Mobile Masking.shader", "UnityShader", 0, 0, 0, 0, 0, 198, 0, 0, 0, 10, 51, 259
"/Users/sahishdurgam/Documents/UnityProjects/FBLAproject/Assets/Plugins/TextMesh Pro/Shaders/TMP_SDF-Mobile Overlay.shader", "UnityShader", 0, 0, 0, 0, 0, 193, 0, 0, 0, 8, 52, 253
"/Users/sahishdurgam/Documents/UnityProjects/FBLAproject/Assets/Plugins/TextMesh Pro/Shaders/TMP_SDF-Mobile SSD.shader", "UnityShader", 0, 0, 0, 0, 0, 82, 0, 0, 0, 4, 21, 107
"/Users/sahishdurgam/Documents/UnityProjects/FBLAproject/Assets/Plugins/TextMesh Pro/Shaders/TMP_SDF-Mobile-2-Pass.shader", "UnityShader", 0, 0, 0, 0, 0, 290, 0, 0, 0, 15, 85, 390
"/Users/sahishdurgam/Documents/UnityProjects/FBLAproject/Assets/Plugins/TextMesh Pro/Shaders/TMP_SDF-Mobile.shader", "UnityShader", 0, 0, 0, 0, 0, 192, 0, 0, 0, 8, 51, 251
"/Users/sahishdurgam/Documents/UnityProjects/FBLAproject/Assets/Plugins/TextMesh Pro/Shaders/TMP_SDF-Surface-Mobile.shader", "UnityShader", 0, 0, 0, 0, 0, 104, 0, 0, 0, 8, 28, 140
"/Users/sahishdurgam/Documents/UnityProjects/FBLAproject/Assets/Plugins/TextMesh Pro/Shaders/TMP_SDF-Surface.shader", "UnityShader", 0, 0, 0, 0, 0, 123, 0, 0, 0, 4, 33, 160
"/Users/sahishdurgam/Documents/UnityProjects/FBLAproject/Assets/Plugins/TextMesh Pro/Shaders/TMP_SDF.shader", "UnityShader", 0, 0, 0, 0, 0, 253, 0, 0, 0, 4, 70, 327
"/Users/sahishdurgam/Documents/UnityProjects/FBLAproject/Assets/Plugins/TextMesh Pro/Shaders/TMP_Sprite.shader", "UnityShader", 0, 0, 0, 0, 0, 111, 0, 0, 0, 0, 21, 132
"/Users/sahishdurgam/Documents/UnityProjects/FBLAproject/Assets/Plugins/TextMesh Pro/Shaders/TMPro.cginc", "UnityShader", 0, 0, 0, 0, 0, 63, 0, 0, 0, 2, 20, 85
"/Users/sahishdurgam/Documents/UnityProjects/FBLAproject/Assets/Plugins/TextMesh Pro/Shaders/TMPro_Mobile.cginc", "UnityShader", 0, 0, 0, 0, 0, 129, 0, 0, 0, 2, 35, 166
"/Users/sahishdurgam/Documents/UnityProjects/FBLAproject/Assets/Plugins/TextMesh Pro/Shaders/TMPro_Properties.cginc", "UnityShader", 0, 0, 0, 0, 0, 62, 0, 0, 0, 6, 13, 81
"/Users/sahishdurgam/Documents/UnityProjects/FBLAproject/Assets/Plugins/TextMesh Pro/Shaders/TMPro_Surface.cginc", "UnityShader", 0, 0, 0, 0, 0, 75, 0, 0, 0, 7, 18, 100
"/Users/sahishdurgam/Documents/UnityProjects/FBLAproject/Assets/Plugins/TextMesh Pro/Sprites/EmojiOne.json", "JSON", 0, 0, 155, 0, 0, 0, 0, 0, 0, 0, 2, 157
"/Users/sahishdurgam/Documents/UnityProjects/FBLAproject/Assets/Scripts/Buildables/Buildable.cs", "C#", 124, 0, 0, 0, 0, 0, 0, 0, 0, 14, 24, 162
"/Users/sahishdurgam/Documents/UnityProjects/FBLAproject/Assets/Scripts/Buildables/BuildableSpinAnimation.cs", "C#", 10, 0, 0, 0, 0, 0, 0, 0, 0, 0, 3, 13
"/Users/sahishdurgam/Documents/UnityProjects/FBLAproject/Assets/Scripts/Cards/Card.cs", "C#", 127, 0, 0, 0, 0, 0, 0, 0, 0, 26, 35, 188
"/Users/sahishdurgam/Documents/UnityProjects/FBLAproject/Assets/Scripts/Cards/CardPrefab.cs", "C#", 64, 0, 0, 0, 0, 0, 0, 0, 0, 2, 24, 90
"/Users/sahishdurgam/Documents/UnityProjects/FBLAproject/Assets/Scripts/Cards/CardsHandler.cs", "C#", 198, 0, 0, 0, 0, 0, 0, 0, 0, 13, 85, 296
"/Users/sahishdurgam/Documents/UnityProjects/FBLAproject/Assets/Scripts/Decisions/Decision.cs", "C#", 7, 0, 0, 0, 0, 0, 0, 0, 0, 0, 2, 9
"/Users/sahishdurgam/Documents/UnityProjects/FBLAproject/Assets/Scripts/Decisions/DecisionChoice.cs", "C#", 85, 0, 0, 0, 0, 0, 0, 0, 0, 4, 12, 101
"/Users/sahishdurgam/Documents/UnityProjects/FBLAproject/Assets/Scripts/Decisions/DecisionHandler.cs", "C#", 183, 0, 0, 0, 0, 0, 0, 0, 0, 32, 68, 283
"/Users/sahishdurgam/Documents/UnityProjects/FBLAproject/Assets/Scripts/Decisions/ML/client.py", "Python", 0, 0, 0, 0, 0, 0, 0, 15, 0, 0, 9, 24
"/Users/sahishdurgam/Documents/UnityProjects/FBLAproject/Assets/Scripts/Decisions/ML/convertJSONtoJSONL.py", "Python", 0, 0, 0, 0, 0, 0, 0, 13, 0, 0, 2, 15
"/Users/sahishdurgam/Documents/UnityProjects/FBLAproject/Assets/Scripts/Decisions/ML/dataset.json", "JSON", 0, 0, 1702, 0, 0, 0, 0, 0, 0, 0, 49, 1751
"/Users/sahishdurgam/Documents/UnityProjects/FBLAproject/Assets/Scripts/Decisions/ML/dataset.jsonl", "JSON Lines", 0, 0, 0, 0, 0, 0, 50, 0, 0, 0, 1, 51
"/Users/sahishdurgam/Documents/UnityProjects/FBLAproject/Assets/Scripts/Decisions/ML/prompt.json", "JSON", 0, 0, 3, 0, 0, 0, 0, 0, 0, 0, 1, 4
"/Users/sahishdurgam/Documents/UnityProjects/FBLAproject/Assets/Scripts/Decisions/ML/server.py", "Python", 0, 0, 0, 0, 0, 0, 0, 70, 0, 4, 33, 107
"/Users/sahishdurgam/Documents/UnityProjects/FBLAproject/Assets/Scripts/Decisions/ML/tool_schema.json", "JSON", 0, 0, 59, 0, 0, 0, 0, 0, 0, 0, 0, 59
"/Users/sahishdurgam/Documents/UnityProjects/FBLAproject/Assets/Scripts/Decisions/MLDataHandler.cs", "C#", 71, 0, 0, 0, 0, 0, 0, 0, 0, 23, 17, 111
"/Users/sahishdurgam/Documents/UnityProjects/FBLAproject/Assets/Scripts/Game/Communities/CommunitiesHandler.cs", "C#", 104, 0, 0, 0, 0, 0, 0, 0, 0, 9, 34, 147
"/Users/sahishdurgam/Documents/UnityProjects/FBLAproject/Assets/Scripts/Game/Connections/Connection.cs", "C#", 13, 0, 0, 0, 0, 0, 0, 0, 0, 1, 2, 16
"/Users/sahishdurgam/Documents/UnityProjects/FBLAproject/Assets/Scripts/Game/Connections/ConnectionLine.cs", "C#", 26, 0, 0, 0, 0, 0, 0, 0, 0, 1, 8, 35
"/Users/sahishdurgam/Documents/UnityProjects/FBLAproject/Assets/Scripts/Game/Connections/ConnectionsHandler.cs", "C#", 188, 0, 0, 0, 0, 0, 0, 0, 0, 46, 71, 305
"/Users/sahishdurgam/Documents/UnityProjects/FBLAproject/Assets/Scripts/Game/Connections/EmoteHandler.cs", "C#", 74, 0, 0, 0, 0, 0, 0, 0, 0, 11, 15, 100
"/Users/sahishdurgam/Documents/UnityProjects/FBLAproject/Assets/Scripts/Game/Dialogue/DialogueHandler.cs", "C#", 78, 0, 0, 0, 0, 0, 0, 0, 0, 0, 26, 104
"/Users/sahishdurgam/Documents/UnityProjects/FBLAproject/Assets/Scripts/Game/Factors/Factor.cs", "C#", 118, 0, 0, 0, 0, 0, 0, 0, 0, 8, 24, 150
"/Users/sahishdurgam/Documents/UnityProjects/FBLAproject/Assets/Scripts/Game/Factors/FactorUI.cs", "C#", 103, 0, 0, 0, 0, 0, 0, 0, 0, 4, 39, 146
"/Users/sahishdurgam/Documents/UnityProjects/FBLAproject/Assets/Scripts/Game/Factors/FactorsHandler.cs", "C#", 108, 0, 0, 0, 0, 0, 0, 0, 0, 13, 48, 169
"/Users/sahishdurgam/Documents/UnityProjects/FBLAproject/Assets/Scripts/Game/GameHandler.cs", "C#", 207, 0, 0, 0, 0, 0, 0, 0, 0, 32, 56, 295
"/Users/sahishdurgam/Documents/UnityProjects/FBLAproject/Assets/Scripts/Game/Stats/StatsHandler.cs", "C#", 400, 0, 0, 0, 0, 0, 0, 0, 0, 25, 92, 517
"/Users/sahishdurgam/Documents/UnityProjects/FBLAproject/Assets/Scripts/Interfaces/Animatable.cs", "C#", 5, 0, 0, 0, 0, 0, 0, 0, 0, 0, 2, 7
"/Users/sahishdurgam/Documents/UnityProjects/FBLAproject/Assets/Scripts/Interfaces/Interactable.cs", "C#", 6, 0, 0, 0, 0, 0, 0, 0, 0, 0, 2, 8
"/Users/sahishdurgam/Documents/UnityProjects/FBLAproject/Assets/Scripts/Placement/Grid/GridHandler.cs", "C#", 167, 0, 0, 0, 0, 0, 0, 0, 0, 38, 51, 256
"/Users/sahishdurgam/Documents/UnityProjects/FBLAproject/Assets/Scripts/Placement/Grid/GridTile.cs", "C#", 72, 0, 0, 0, 0, 0, 0, 0, 0, 20, 24, 116
"/Users/sahishdurgam/Documents/UnityProjects/FBLAproject/Assets/Scripts/Placement/PlacementHandler.cs", "C#", 265, 0, 0, 0, 0, 0, 0, 0, 0, 58, 79, 402
"/Users/sahishdurgam/Documents/UnityProjects/FBLAproject/Assets/Scripts/Placement/TileDisplayHandler.cs", "C#", 113, 0, 0, 0, 0, 0, 0, 0, 0, 16, 29, 158
"/Users/sahishdurgam/Documents/UnityProjects/FBLAproject/Assets/Scripts/Player/PlayerController.cs", "C#", 53, 0, 0, 0, 0, 0, 0, 0, 0, 1, 14, 68
"/Users/sahishdurgam/Documents/UnityProjects/FBLAproject/Assets/Scripts/Player/PlayerInteraction.cs", "C#", 89, 0, 0, 0, 0, 0, 0, 0, 0, 21, 31, 141
"/Users/sahishdurgam/Documents/UnityProjects/FBLAproject/Packages/manifest.json", "JSON", 0, 0, 49, 0, 0, 0, 0, 0, 0, 0, 1, 50
"/Users/sahishdurgam/Documents/UnityProjects/FBLAproject/Packages/packages-lock.json", "JSON", 0, 0, 478, 0, 0, 0, 0, 0, 0, 0, 1, 479
"/Users/sahishdurgam/Documents/UnityProjects/FBLAproject/README.md", "Markdown", 0, 0, 0, 0, 0, 0, 0, 0, 2, 0, 1, 3
"/Users/sahishdurgam/Documents/UnityProjects/FBLAproject/my_output/checkpoint-50/README.md", "Markdown", 0, 0, 0, 0, 0, 0, 0, 0, 106, 0, 96, 202
"/Users/sahishdurgam/Documents/UnityProjects/FBLAproject/my_output/checkpoint-50/adapter_config.json", "JSON", 0, 0, 31, 0, 0, 0, 0, 0, 0, 0, 0, 31
"/Users/sahishdurgam/Documents/UnityProjects/FBLAproject/my_output/checkpoint-50/optimizer.pt", "XML", 0, 0, 0, 0, 40433, 0, 0, 0, 0, 0, 153, 40586
"/Users/sahishdurgam/Documents/UnityProjects/FBLAproject/my_output/checkpoint-50/scheduler.pt", "XML", 0, 0, 0, 0, 7, 0, 0, 0, 0, 0, 0, 7
"/Users/sahishdurgam/Documents/UnityProjects/FBLAproject/my_output/checkpoint-50/special_tokens_map.json", "JSON", 0, 0, 6, 0, 0, 0, 0, 0, 0, 0, 1, 7
"/Users/sahishdurgam/Documents/UnityProjects/FBLAproject/my_output/checkpoint-50/tokenizer.json", "JSON", 0, 0, 250306, 0, 0, 0, 0, 0, 0, 0, 0, 250306
"/Users/sahishdurgam/Documents/UnityProjects/FBLAproject/my_output/checkpoint-50/tokenizer_config.json", "JSON", 0, 0, 21, 0, 0, 0, 0, 0, 0, 0, 1, 22
"/Users/sahishdurgam/Documents/UnityProjects/FBLAproject/my_output/checkpoint-50/trainer_state.json", "JSON", 0, 0, 32, 0, 0, 0, 0, 0, 0, 0, 1, 33
"/Users/sahishdurgam/Documents/UnityProjects/FBLAproject/my_output/checkpoint-50/vocab.json", "JSON", 0, 0, 1, 0, 0, 0, 0, 0, 0, 0, 0, 1
"Total", "-", 6897, 94, 252876, 26, 43673, 2980, 50, 98, 108, 1103, 2694, 310599